## DML（Data manipulation language，数据操作语言）
数据操作分成数据查询和数据更新两类，数据更新又分成插入、删除和修改三种操作
主要命令：select、insert、delete、update、merge、call、explain、plan
## Select
[MySQL Reference](http://dev.mysql.com/doc/refman/5.7/en/select.html)
```
SELECT
    [ALL | DISTINCT | DISTINCTROW ]
      [HIGH_PRIORITY]
      [MAX_STATEMENT_TIME = N]
      [STRAIGHT_JOIN]
      [SQL_SMALL_RESULT] [SQL_BIG_RESULT] [SQL_BUFFER_RESULT]
      [SQL_CACHE | SQL_NO_CACHE] [SQL_CALC_FOUND_ROWS]
    select_expr [, select_expr ...]
    [FROM table_references
      [PARTITION partition_list]
    [WHERE where_condition]
    [GROUP BY {col_name | expr | position}
      [ASC | DESC], ... [WITH ROLLUP]]
    [HAVING where_condition]
    [ORDER BY {col_name | expr | position}
      [ASC | DESC], ...]
    [LIMIT {[offset,] row_count | row_count OFFSET offset}]
    [PROCEDURE procedure_name(argument_list)]
    [INTO OUTFILE 'file_name'
        [CHARACTER SET charset_name]
        export_options
      | INTO DUMPFILE 'file_name'
      | INTO var_name [, var_name]]
    [FOR UPDATE | LOCK IN SHARE MODE]]
```
#### 关键词
|关键词|用途|
|--------|-------|
|from|表明数据的来源|
|where|数据筛选条件|
|group by|将数据按照某个字段分组，一般和count、Having等函数在一起使用|
|limit|限制从x条数据开始取y条数据，或者直接取出y条数据，初始行是0而不是1|
|order by|以某个字段为基准进行排序（ASC升序，DESC降序）|
|having|将Group by的数据按照条件进行汇总|
#### Group by & Having
Group by 使用的使用需要注意在Select中需要带上分组的字段
<pre>
select department,count(*) from student group by department;

</pre>
如果我需要进一步筛选结果大于1的，可以使用Having
```
select department,count(*) from student group by department having count(*) >1;
```
* having通常和聚合函数搭配使用
```
SELECT user, MAX(salary) FROM users
  GROUP BY user HAVING MAX(salary) > 10;
```
###### Having & Where
<pre>
SELECT col_name FROM tbl_name HAVING col_name > 0;这样写法是错误的
SELECT col_name FROM tbl_name WHERE col_name > 0;这样的写法是正确的
</pre>
#####  Limit
```
SELECT * FROM tbl LIMIT 5,10;  # Retrieve rows 6-15
SELECT * FROM tbl LIMIT 5;     # Retrieve first 5 rows
```
##### Order by

##### As别名
select条件中的别名在where中是不能使用的，在group by、order by、having中可以使用
```
mysql> select name,sex,DATE_FORMAT(CURRENT_DATE(),'%Y') - birth as age from student where (DATE_FORMAT(CURRENT_DATE(),'%Y') - birth) >= 30 order by age desc;  
+-------+------+------+
| name  | sex  | age  |
+-------+------+------+
| tiger | 男   |   46 |
| Tom   | 男   |   31 |
| Jreey | 男   |   30 |
+-------+------+------+
3 rows in set (0.00 sec) 
```

## 多表联合查询
* 内连接：inner join，外连接：左外连接（left join）和右外连接（right join）。left join表示以左表为主，右表为辅，左表中有的，而右表中没有的用空格代替，right join刚好相反。子查询和表连接在MySQL5.6之前，子查询比表连接的性能差，因为子查询将查询结果集放到临时表里。目前mysql的执行优化器只支持一种算法就是nested loops，它的大致原理如下:以下面这条sql语句为例，
```
select a.address,a.birth,a.department,a.name,b.grade,b.c_name from student a,score b where a.id = b.stu_id;
```
执行优化器首先获取student和score这两张表的执行结果集，然后根据筛选结果得到哪张表的结果集小，以结果集小的作为驱动表，结果集大的作为从动表，最后以驱动表为主逐一地扫描从动表。当面对大数据时，这种算法是有问题的。针对这个问题，Oracle提出了Hash join，它将student和score这两张表的id转换成ACSII，但是目前它只适用于等值查询。
## where条件支持嵌套查询
```
mysql> select r.c_name,r.grade,s.id,s.name from (select * from score where (c_name,grade)in(select c_name,max(grade) from score group by c_name)) as r,student as s where s.id=r.stu_id;  
+-----------+-------+-----+-------+
| c_name    | grade | id  | name  |
+-----------+-------+-----+-------+
| 计算机    |    98 | 901 | Tom   |
| 中文      |    95 | 903 | john  |
| 英语      |    94 | 905 | lucky |
| 数学      |   100 | 902 | Jreey |
| 数学      |   100 | 904 | jack  |
+-----------+-------+-----+-------+
5 rows in set (0.01 sec)
```
```
统计平均年龄在23~26的学生

SELECT
   name, birth,(CAST(CURRENT_DATE() AS CHAR (4)) - birth) as age
FROM
   student
WHERE
   23 < (CAST(CURRENT_DATE() AS CHAR (4)) - birth)
       AND (CAST(CURRENT_DATE() AS CHAR (4)) - birth) < 26;
       
查询所有学生的信息和成绩
select a.address,a.birth,a.department,a.name,b.grade,b.c_name from student a,score b where a.id = b.stu_id;
同时参加计算机和英语考试的学生信息
错误sql语句
select s.*,t.c_name from  student s ,score t where s.id = t.stu_id  and t.c_name='计算机' and t.c_name='英语';
select s.*,t.c_name from  student s ,score t ,score c where s.id = t.stu_id and s.id= c.stu_id and t.c_name='计算机' and c.c_name='英语';
select s.*,t.c_name as t_name,c.c_name as c_name from  student s ,score t ,score c where s.id = t.stu_id and s.id= c.stu_id ;
统计每个科目成绩最好的学生
错误sql语句
select * from score group by c_name;
select t.*,max(s.grade),s.c_name from student t,score s where t.id = s.stu_id group by s.c_name;
select max(grade),c_name,stu_id from score group by c_name,stu_id order by c_name desc;
确定每科目最高分
select max(grade),c_name from score group by c_name;
SELECT
   *
FROM
   score
WHERE
   (grade , c_name) IN (SELECT
           MAX(grade), c_name
       FROM
           score
       GROUP BY c_name);
SELECT
   s.*, t.c_name, t.grade
FROM
   (SELECT
       *
   FROM
       score
   WHERE
       (grade , c_name) IN (SELECT
               MAX(grade), c_name
           FROM
               score
           GROUP BY c_name)) t
       LEFT JOIN
   student s ON t.stu_id = s.id;
   
查询大于本专业平均成绩的学生
select c_name,avg(grade) from score group by c_name;
select s.*,t.avg_grade from (select c_name,avg(grade) as avg_grade from score group by c_name) t left join score s on t.c_name = s.c_name where s.grade > t.avg_grade;
```
## DDL（Data definition language，数据定义语言）
包括两种类型数据：数据字典以及数据类型和结构定义。
主要命令：create 、alter、drop、truncate、rename、comment
#### Create
创建语句，用于创建表或者数据库或者存储过程或者其他内容
<pre>
create table tea(id int not null auto_increment,name varchar(6) not null,remark char(6),primary key(id));
show create table tea;
</pre>

#### Alter
alter一般用于添加或者修改表中的字段名或者字段定义。也可以用于修改字段顺序等。同样的也可以用于修改数据库的名字或者编码
```
修改字段定义:
ALTER TABLE emp MODIFY first_name VARCHAR(20) NOT NULL DEFAULT '-';  
添加字段:
alter table emp add column age int(3) not null default 0;  
修改字段名字，同时修改定义:
alter table emp change age age1 int(4) not null default 0;  
在表Column的尾部追加新的column:
alter table emp add birth date not null after empno;  
移动column到表column的首位:
alter table emp modify age1 int(3) not null default 0 first;  
将某个column移动到另一个columon后面:
alter table department change deptno deptno int(11) NOT NULL after deptname;  
删除主键:
alter visit_log drop primary key;  
修改表名:
alter table emp rename employees; 
删除字段
alter table guess_product_info  drop column backstyle;
```
例子：
```
alter table tea add column age int(5) not null default 0;
alter table tea change age new_age int not null default 20;
alter table tea modify new_age char(4) not null default 30;
show create table tea;
```

## DCL（Data Control Language，数据控制语言）
设置或更改数据库用户或角色权限，包括对基本表和视图的授权，完整性规则的描述，事务控制等内容。
* grant
<pre>
赋予权限
grant all privileges on *.* to 'root'@'localhost' with grant option; 授权远程用户注意不要with grant option
grant select,update,create,delete on *.* to guest@'115.220.46.%' identified by 'test@home';创建业务用户，并要求只限制IP段
查看权限
Select user,password,host from mysql.user;
Show grants for root@'localhost';
select user,password,host ,grant_priv,super_priv from mysql.user;
重命名用户
rename mysql.user root@' ' to admin@' ';
刷新权限
flush privileges
回收权限
revoke select,insesrt,update,delete,create on *.* from 'guest'@'115.220.46.%';
show grants for guest@'115.220.46.%';
修改密码
update mysql.user set password =password('test') where user='guest';password()函数对字符串进行MD5加密
mysqladmin -uroot -ptest password 12345
                                    -p 旧密码  password 新密码

忘记密码
mysqld_safe --defaults-file=/etc/mysql/my3306.cnf --skip-grant-tables &
删除用户
drop user root@'';
删除test数据库
select * from mysql.db where db like '%test%'\G;
delete from mysql.db where db like '%test%';
删除不需要的用户
</pre>


* 删除不需要的用户
```
mysql> select user,password,host from mysql.user;
+------+-------------------------------------------+------------+
| user | password                                  | host       |
+------+-------------------------------------------+------------+
| root |                                           | localhost  |
| root |                                           | nbview.com |
| root |                                           | 127.0.0.1  |
| root |                                           | ::1        |
|      |                                           | localhost  |
|      |                                           | nbview.com |
| kewy | kewy126@home                              | %          |
| root | *08F411191A8F7130F09F0A961DB8E87983620D5B | %          |
+------+-------------------------------------------+------------+
8 rows in set (0.00 sec)
mysql> delete from mysql.user where user='kewy';
ERROR 2006 (HY000): MySQL server has gone away
No connection. Trying to reconnect...
Connection id:    59
Current database: student_db1
Query OK, 1 row affected (0.01 sec)
mysql> delete from mysql.user where user='root' and host='::1';
Query OK, 1 row affected (0.00 sec)
mysql> delete from mysql.user where user='root' and host='nbview.com';
Query OK, 1 row affected (0.00 sec)
mysql> delete from mysql.user where host='nbview.com';
Query OK, 1 row affected (0.00 sec)

mysql> delete from mysql.user where host='localhost' and user is null;
Query OK, 0 rows affected (0.00 sec)

mysql> delete from mysql.user where host='127.0.0.1' ;
Query OK, 1 row affected (0.00 sec)
mysql> select user,password,host from mysql.user;
+------+-------------------------------------------+-----------+
| user | password                                  | host      |
+------+-------------------------------------------+-----------+
| root |                                           | localhost |
| root | *08F411191A8F7130F09F0A961DB8E87983620D5B | %         |
+------+-------------------------------------------+-----------+
2 rows in set (0.00 sec)
```
## TCL（Transaction Control Language，事务控制语言）

用于控制事务内执行流程的语言

start transaction|Begin:开始一个事务

Savepoint：创建一个记录点，方便回滚到这个地方

Rollback:回滚事务

Commit：提交事务

```

开始事务

START TRANSACTION  

可选:创建一个存档点

SAVEPOINT sp  

开始操作SQL

select  

insert  

...

操作完成提交数据

COMMIT  

或者，操作失败，回滚数据(回滚到某个存档点)

ROLLBACK  

ROLLBACK TO sp  

释放存档点

RELEASE SAVEPOINT sp  

```


